{
  "token_acc":1.0,
  "ents_p":0.7991513437,
  "ents_r":0.8395245171,
  "ents_f":0.8188405797,
  "speed":27169.3344566132,
  "ents_per_type":{
    "ACTOR":{
      "p":0.8592592593,
      "r":0.9508196721,
      "f":0.9027237354
    },
    "FUNCTION":{
      "p":0.7969543147,
      "r":0.8820224719,
      "f":0.8373333333
    },
    "CONCEPT":{
      "p":0.7786666667,
      "r":0.7828418231,
      "f":0.7807486631
    }
  }
}